{
    "RECFOUND": 620,
    "ZMATERIALTBLOUT": [
        {
            "MATNUM": "000000000001000051",
            "DESCRIPTION": "CAPTAIN MORGAN WHITE 375ml",
            "PRICE": "13.99",
            "PUNIT": "EUR",
            "NETPRICE": "12.18",
            "PLANTS": [
                {
                    "PLANT": "2104",
                    "PLANTADDR": "Agricola Shop",
                    "STRAS": "2559 Agricola Shop",
                    "PSTLZ": "B3K 4C4",
                    "ORT01": "Toronto",
                    "LAND1": "CA",
                    "REGIO": "ON",
                    "MATNUM": "000000000001000051",
                    "DESCRIPTION": "CAPTAIN MORGAN WHITE 375ml",
                    "BASEUOM": "EA",
                    "MINBE": "0.000",
                    "STOCK": "24.000",
                    "WAERS": "EUR",
                    "VKPNE": "12.18",
                    "VKPBR": "13.99"
                },
                {
                    "PLANT": "2106",
                    "PLANTADDR": "Barrington Shop",
                    "STRAS": "1075 Barrington Shop",
                    "PSTLZ": "B3H 2P8",
                    "ORT01": "Toronto",
                    "LAND1": "CA",
                    "REGIO": "ON",
                    "MATNUM": "000000000001000051",
                    "DESCRIPTION": "CAPTAIN MORGAN WHITE 375ml",
                    "BASEUOM": "EA",
                    "MINBE": "0.000",
                    "STOCK": "39.000",
                    "WAERS": "EUR",
                    "VKPNE": "12.18",
                    "VKPBR": "13.99"
                },
                {
                    "PLANT": "2108",
                    "PLANTADDR": "Bayers Lake Park",
                    "STRAS": "214 Chain Lake Drive",
                    "PSTLZ": "B3S 1C5",
                    "ORT01": "Toronto",
                    "LAND1": "CA",
                    "REGIO": "ON",
                    "MATNUM": "000000000001000051",
                    "DESCRIPTION": "CAPTAIN MORGAN WHITE 375ml",
                    "BASEUOM": "EA",
                    "MINBE": "0.000",
                    "STOCK": "78.000",
                    "WAERS": "EUR",
                    "VKPNE": "12.18",
                    "VKPBR": "13.99"
                },
                {
                    "PLANT": "2110",
                    "PLANTADDR": "Joseph Howe Dr",
                    "STRAS": "3601 Joseph Howe Drive",
                    "PSTLZ": "B3L 4H8",
                    "ORT01": "Toronto",
                    "LAND1": "CA",
                    "REGIO": "ON",
                    "MATNUM": "000000000001000051",
                    "DESCRIPTION": "CAPTAIN MORGAN WHITE 375ml",
                    "BASEUOM": "EA",
                    "MINBE": "0.000",
                    "STOCK": "39.000",
                    "WAERS": "EUR",
                    "VKPNE": "12.18",
                    "VKPBR": "13.99"
                },
                {
                    "PLANT": "2115",
                    "PLANTADDR": "Chester",
                    "STRAS": "209 Duke St",
                    "PSTLZ": "B0J 1J0",
                    "ORT01": "Chester",
                    "LAND1": "CA",
                    "REGIO": "ON",
                    "MATNUM": "000000000001000051",
                    "DESCRIPTION": "CAPTAIN MORGAN WHITE 375ml",
                    "BASEUOM": "EA",
                    "MINBE": "0.000",
                    "STOCK": "27.000",
                    "WAERS": "EUR",
                    "VKPNE": "12.18",
                    "VKPBR": "13.99"
                },
                {
                    "PLANT": "2120",
                    "PLANTADDR": "Clyde Shop",
                    "STRAS": "5540 Clyde Shop",
                    "PSTLZ": "B3J 1E3",
                    "ORT01": "Toronto",
                    "LAND1": "CA",
                    "REGIO": "ON",
                    "MATNUM": "000000000001000051",
                    "DESCRIPTION": "CAPTAIN MORGAN WHITE 375ml",
                    "BASEUOM": "EA",
                    "MINBE": "0.000",
                    "STOCK": "24.000",
                    "WAERS": "EUR",
                    "VKPNE": "12.18",
                    "VKPBR": "13.99"
                },
                {
                    "PLANT": "2123",
                    "PLANTADDR": "Queen Shop",
                    "STRAS": "1120 Queen Shop",
                    "PSTLZ": "B3H 2R9",
                    "ORT01": "Toronto",
                    "LAND1": "CA",
                    "REGIO": "ON",
                    "MATNUM": "000000000001000051",
                    "DESCRIPTION": "CAPTAIN MORGAN WHITE 375ml",
                    "BASEUOM": "EA",
                    "MINBE": "0.000",
                    "STOCK": "27.000",
                    "WAERS": "EUR",
                    "VKPNE": "12.18",
                    "VKPBR": "13.99"
                },
                {
                    "PLANT": "2125",
                    "PLANTADDR": "Hubbards",
                    "STRAS": "100 Highway #3",
                    "PSTLZ": "B0J 1T0",
                    "ORT01": "Hubbards",
                    "LAND1": "CA",
                    "REGIO": "ON",
                    "MATNUM": "000000000001000051",
                    "DESCRIPTION": "CAPTAIN MORGAN WHITE 375ml",
                    "BASEUOM": "EA",
                    "MINBE": "0.000",
                    "STOCK": "18.000",
                    "WAERS": "EUR",
                    "VKPNE": "12.18",
                    "VKPBR": "13.99"
                }
            ]
        },
        {
            "MATNUM": "000000000001000052",
            "DESCRIPTION": "MALIBU CARIBBEAN WHITE 375ml",
            "PRICE": "14.40",
            "PUNIT": "EUR",
            "NETPRICE": "12.54",
            "PLANTS": [
                {
                    "PLANT": "2104",
                    "PLANTADDR": "Agricola Shop",
                    "STRAS": "2559 Agricola Shop",
                    "PSTLZ": "B3K 4C4",
                    "ORT01": "Toronto",
                    "LAND1": "CA",
                    "REGIO": "ON",
                    "MATNUM": "000000000001000052",
                    "DESCRIPTION": "MALIBU CARIBBEAN WHITE 375ml",
                    "BASEUOM": "EA",
                    "MINBE": "0.000",
                    "STOCK": "9.000",
                    "WAERS": "EUR",
                    "VKPNE": "12.54",
                    "VKPBR": "14.40"
                },
                {
                    "PLANT": "2106",
                    "PLANTADDR": "Barrington Shop",
                    "STRAS": "1075 Barrington Shop",
                    "PSTLZ": "B3H 2P8",
                    "ORT01": "Toronto",
                    "LAND1": "CA",
                    "REGIO": "ON",
                    "MATNUM": "000000000001000052",
                    "DESCRIPTION": "MALIBU CARIBBEAN WHITE 375ml",
                    "BASEUOM": "EA",
                    "MINBE": "0.000",
                    "STOCK": "9.000",
                    "WAERS": "EUR",
                    "VKPNE": "12.54",
                    "VKPBR": "14.40"
                },
                {
                    "PLANT": "2108",
                    "PLANTADDR": "Bayers Lake Park",
                    "STRAS": "214 Chain Lake Drive",
                    "PSTLZ": "B3S 1C5",
                    "ORT01": "Toronto",
                    "LAND1": "CA",
                    "REGIO": "ON",
                    "MATNUM": "000000000001000052",
                    "DESCRIPTION": "MALIBU CARIBBEAN WHITE 375ml",
                    "BASEUOM": "EA",
                    "MINBE": "0.000",
                    "STOCK": "18.000",
                    "WAERS": "EUR",
                    "VKPNE": "12.54",
                    "VKPBR": "14.40"
                },
                {
                    "PLANT": "2110",
                    "PLANTADDR": "Joseph Howe Dr",
                    "STRAS": "3601 Joseph Howe Drive",
                    "PSTLZ": "B3L 4H8",
                    "ORT01": "Toronto",
                    "LAND1": "CA",
                    "REGIO": "ON",
                    "MATNUM": "000000000001000052",
                    "DESCRIPTION": "MALIBU CARIBBEAN WHITE 375ml",
                    "BASEUOM": "EA",
                    "MINBE": "0.000",
                    "STOCK": "12.000",
                    "WAERS": "EUR",
                    "VKPNE": "12.54",
                    "VKPBR": "14.40"
                },
                {
                    "PLANT": "2115",
                    "PLANTADDR": "Chester",
                    "STRAS": "209 Duke St",
                    "PSTLZ": "B0J 1J0",
                    "ORT01": "Chester",
                    "LAND1": "CA",
                    "REGIO": "ON",
                    "MATNUM": "000000000001000052",
                    "DESCRIPTION": "MALIBU CARIBBEAN WHITE 375ml",
                    "BASEUOM": "EA",
                    "MINBE": "0.000",
                    "STOCK": "12.000",
                    "WAERS": "EUR",
                    "VKPNE": "12.54",
                    "VKPBR": "14.40"
                },
                {
                    "PLANT": "2120",
                    "PLANTADDR": "Clyde Shop",
                    "STRAS": "5540 Clyde Shop",
                    "PSTLZ": "B3J 1E3",
                    "ORT01": "Toronto",
                    "LAND1": "CA",
                    "REGIO": "ON",
                    "MATNUM": "000000000001000052",
                    "DESCRIPTION": "MALIBU CARIBBEAN WHITE 375ml",
                    "BASEUOM": "EA",
                    "MINBE": "0.000",
                    "STOCK": "12.000",
                    "WAERS": "EUR",
                    "VKPNE": "12.54",
                    "VKPBR": "14.40"
                },
                {
                    "PLANT": "2125",
                    "PLANTADDR": "Hubbards",
                    "STRAS": "100 Highway #3",
                    "PSTLZ": "B0J 1T0",
                    "ORT01": "Hubbards",
                    "LAND1": "CA",
                    "REGIO": "ON",
                    "MATNUM": "000000000001000052",
                    "DESCRIPTION": "MALIBU CARIBBEAN WHITE 375ml",
                    "BASEUOM": "EA",
                    "MINBE": "0.000",
                    "STOCK": "9.000",
                    "WAERS": "EUR",
                    "VKPNE": "12.54",
                    "VKPBR": "14.40"
                }
            ]
        },
        {
            "MATNUM": "000000000001000054",
            "DESCRIPTION": "CAPTAIN MORGANS PARROT BAY 750ml",
            "PRICE": "25.49",
            "PUNIT": "EUR",
            "NETPRICE": "21.99",
            "PLANTS": [
                {
                    "PLANT": "2104",
                    "PLANTADDR": "Agricola Shop",
                    "STRAS": "2559 Agricola Shop",
                    "PSTLZ": "B3K 4C4",
                    "ORT01": "Toronto",
                    "LAND1": "CA",
                    "REGIO": "ON",
                    "MATNUM": "000000000001000054",
                    "DESCRIPTION": "CAPTAIN MORGANS PARROT BAY 750ml",
                    "BASEUOM": "EA",
                    "MINBE": "0.000",
                    "STOCK": "9.000",
                    "WAERS": "EUR",
                    "VKPNE": "21.99",
                    "VKPBR": "25.49"
                },
                {
                    "PLANT": "2106",
                    "PLANTADDR": "Barrington Shop",
                    "STRAS": "1075 Barrington Shop",
                    "PSTLZ": "B3H 2P8",
                    "ORT01": "Toronto",
                    "LAND1": "CA",
                    "REGIO": "ON",
                    "MATNUM": "000000000001000054",
                    "DESCRIPTION": "CAPTAIN MORGANS PARROT BAY 750ml",
                    "BASEUOM": "EA",
                    "MINBE": "0.000",
                    "STOCK": "6.000",
                    "WAERS": "EUR",
                    "VKPNE": "21.99",
                    "VKPBR": "25.49"
                },
                {
                    "PLANT": "2108",
                    "PLANTADDR": "Bayers Lake Park",
                    "STRAS": "214 Chain Lake Drive",
                    "PSTLZ": "B3S 1C5",
                    "ORT01": "Toronto",
                    "LAND1": "CA",
                    "REGIO": "ON",
                    "MATNUM": "000000000001000054",
                    "DESCRIPTION": "CAPTAIN MORGANS PARROT BAY 750ml",
                    "BASEUOM": "EA",
                    "MINBE": "0.000",
                    "STOCK": "15.000",
                    "WAERS": "EUR",
                    "VKPNE": "21.99",
                    "VKPBR": "25.49"
                },
                {
                    "PLANT": "2110",
                    "PLANTADDR": "Joseph Howe Dr",
                    "STRAS": "3601 Joseph Howe Drive",
                    "PSTLZ": "B3L 4H8",
                    "ORT01": "Toronto",
                    "LAND1": "CA",
                    "REGIO": "ON",
                    "MATNUM": "000000000001000054",
                    "DESCRIPTION": "CAPTAIN MORGANS PARROT BAY 750ml",
                    "BASEUOM": "EA",
                    "MINBE": "0.000",
                    "STOCK": "12.000",
                    "WAERS": "EUR",
                    "VKPNE": "21.99",
                    "VKPBR": "25.49"
                },
                {
                    "PLANT": "2115",
                    "PLANTADDR": "Chester",
                    "STRAS": "209 Duke St",
                    "PSTLZ": "B0J 1J0",
                    "ORT01": "Chester",
                    "LAND1": "CA",
                    "REGIO": "ON",
                    "MATNUM": "000000000001000054",
                    "DESCRIPTION": "CAPTAIN MORGANS PARROT BAY 750ml",
                    "BASEUOM": "EA",
                    "MINBE": "0.000",
                    "STOCK": "12.000",
                    "WAERS": "EUR",
                    "VKPNE": "21.99",
                    "VKPBR": "25.49"
                },
                {
                    "PLANT": "2120",
                    "PLANTADDR": "Clyde Shop",
                    "STRAS": "5540 Clyde Shop",
                    "PSTLZ": "B3J 1E3",
                    "ORT01": "Toronto",
                    "LAND1": "CA",
                    "REGIO": "ON",
                    "MATNUM": "000000000001000054",
                    "DESCRIPTION": "CAPTAIN MORGANS PARROT BAY 750ml",
                    "BASEUOM": "EA",
                    "MINBE": "0.000",
                    "STOCK": "12.000",
                    "WAERS": "EUR",
                    "VKPNE": "21.99",
                    "VKPBR": "25.49"
                },
                {
                    "PLANT": "2123",
                    "PLANTADDR": "Queen Shop",
                    "STRAS": "1120 Queen Shop",
                    "PSTLZ": "B3H 2R9",
                    "ORT01": "Toronto",
                    "LAND1": "CA",
                    "REGIO": "ON",
                    "MATNUM": "000000000001000054",
                    "DESCRIPTION": "CAPTAIN MORGANS PARROT BAY 750ml",
                    "BASEUOM": "EA",
                    "MINBE": "0.000",
                    "STOCK": "9.000",
                    "WAERS": "EUR",
                    "VKPNE": "21.99",
                    "VKPBR": "25.49"
                }
            ]
        },
        {
            "MATNUM": "000000000001000055",
            "DESCRIPTION": "ALBERTA PREMIUM 750ml",
            "PRICE": "27.98",
            "PUNIT": "EUR",
            "NETPRICE": "24.16",
            "PLANTS": [
                {
                    "PLANT": "2104",
                    "PLANTADDR": "Agricola Shop",
                    "STRAS": "2559 Agricola Shop",
                    "PSTLZ": "B3K 4C4",
                    "ORT01": "Toronto",
                    "LAND1": "CA",
                    "REGIO": "ON",
                    "MATNUM": "000000000001000055",
                    "DESCRIPTION": "ALBERTA PREMIUM 750ml",
                    "BASEUOM": "EA",
                    "MINBE": "0.000",
                    "STOCK": "12.000",
                    "WAERS": "EUR",
                    "VKPNE": "24.16",
                    "VKPBR": "27.98"
                },
                {
                    "PLANT": "2106",
                    "PLANTADDR": "Barrington Shop",
                    "STRAS": "1075 Barrington Shop",
                    "PSTLZ": "B3H 2P8",
                    "ORT01": "Toronto",
                    "LAND1": "CA",
                    "REGIO": "ON",
                    "MATNUM": "000000000001000055",
                    "DESCRIPTION": "ALBERTA PREMIUM 750ml",
                    "BASEUOM": "EA",
                    "MINBE": "0.000",
                    "STOCK": "12.000",
                    "WAERS": "EUR",
                    "VKPNE": "24.16",
                    "VKPBR": "27.98"
                },
                {
                    "PLANT": "2108",
                    "PLANTADDR": "Bayers Lake Park",
                    "STRAS": "214 Chain Lake Drive",
                    "PSTLZ": "B3S 1C5",
                    "ORT01": "Toronto",
                    "LAND1": "CA",
                    "REGIO": "ON",
                    "MATNUM": "000000000001000055",
                    "DESCRIPTION": "ALBERTA PREMIUM 750ml",
                    "BASEUOM": "EA",
                    "MINBE": "0.000",
                    "STOCK": "12.000",
                    "WAERS": "EUR",
                    "VKPNE": "24.16",
                    "VKPBR": "27.98"
                },
                {
                    "PLANT": "2110",
                    "PLANTADDR": "Joseph Howe Dr",
                    "STRAS": "3601 Joseph Howe Drive",
                    "PSTLZ": "B3L 4H8",
                    "ORT01": "Toronto",
                    "LAND1": "CA",
                    "REGIO": "ON",
                    "MATNUM": "000000000001000055",
                    "DESCRIPTION": "ALBERTA PREMIUM 750ml",
                    "BASEUOM": "EA",
                    "MINBE": "0.000",
                    "STOCK": "12.000",
                    "WAERS": "EUR",
                    "VKPNE": "24.16",
                    "VKPBR": "27.98"
                },
                {
                    "PLANT": "2115",
                    "PLANTADDR": "Chester",
                    "STRAS": "209 Duke St",
                    "PSTLZ": "B0J 1J0",
                    "ORT01": "Chester",
                    "LAND1": "CA",
                    "REGIO": "ON",
                    "MATNUM": "000000000001000055",
                    "DESCRIPTION": "ALBERTA PREMIUM 750ml",
                    "BASEUOM": "EA",
                    "MINBE": "0.000",
                    "STOCK": "15.000",
                    "WAERS": "EUR",
                    "VKPNE": "24.16",
                    "VKPBR": "27.98"
                },
                {
                    "PLANT": "2120",
                    "PLANTADDR": "Clyde Shop",
                    "STRAS": "5540 Clyde Shop",
                    "PSTLZ": "B3J 1E3",
                    "ORT01": "Toronto",
                    "LAND1": "CA",
                    "REGIO": "ON",
                    "MATNUM": "000000000001000055",
                    "DESCRIPTION": "ALBERTA PREMIUM 750ml",
                    "BASEUOM": "EA",
                    "MINBE": "0.000",
                    "STOCK": "9.000",
                    "WAERS": "EUR",
                    "VKPNE": "24.16",
                    "VKPBR": "27.98"
                },
                {
                    "PLANT": "2123",
                    "PLANTADDR": "Queen Shop",
                    "STRAS": "1120 Queen Shop",
                    "PSTLZ": "B3H 2R9",
                    "ORT01": "Toronto",
                    "LAND1": "CA",
                    "REGIO": "ON",
                    "MATNUM": "000000000001000055",
                    "DESCRIPTION": "ALBERTA PREMIUM 750ml",
                    "BASEUOM": "EA",
                    "MINBE": "0.000",
                    "STOCK": "9.000",
                    "WAERS": "EUR",
                    "VKPNE": "24.16",
                    "VKPBR": "27.98"
                }
            ]
        },
        {
            "MATNUM": "000000000001000056",
            "DESCRIPTION": "ALBERTA PREMIUM 1750ml",
            "PRICE": "49.95",
            "PUNIT": "EUR",
            "NETPRICE": "44.03",
            "PLANTS": [
                {
                    "PLANT": "2104",
                    "PLANTADDR": "Agricola Shop",
                    "STRAS": "2559 Agricola Shop",
                    "PSTLZ": "B3K 4C4",
                    "ORT01": "Toronto",
                    "LAND1": "CA",
                    "REGIO": "ON",
                    "MATNUM": "000000000001000056",
                    "DESCRIPTION": "ALBERTA PREMIUM 1750ml",
                    "BASEUOM": "EA",
                    "MINBE": "0.000",
                    "STOCK": "6.000",
                    "WAERS": "EUR",
                    "VKPNE": "44.03",
                    "VKPBR": "49.95"
                },
                {
                    "PLANT": "2106",
                    "PLANTADDR": "Barrington Shop",
                    "STRAS": "1075 Barrington Shop",
                    "PSTLZ": "B3H 2P8",
                    "ORT01": "Toronto",
                    "LAND1": "CA",
                    "REGIO": "ON",
                    "MATNUM": "000000000001000056",
                    "DESCRIPTION": "ALBERTA PREMIUM 1750ml",
                    "BASEUOM": "EA",
                    "MINBE": "0.000",
                    "STOCK": "6.000",
                    "WAERS": "EUR",
                    "VKPNE": "44.03",
                    "VKPBR": "49.95"
                },
                {
                    "PLANT": "2108",
                    "PLANTADDR": "Bayers Lake Park",
                    "STRAS": "214 Chain Lake Drive",
                    "PSTLZ": "B3S 1C5",
                    "ORT01": "Toronto",
                    "LAND1": "CA",
                    "REGIO": "ON",
                    "MATNUM": "000000000001000056",
                    "DESCRIPTION": "ALBERTA PREMIUM 1750ml",
                    "BASEUOM": "EA",
                    "MINBE": "0.000",
                    "STOCK": "12.000",
                    "WAERS": "EUR",
                    "VKPNE": "44.03",
                    "VKPBR": "49.95"
                },
                {
                    "PLANT": "2110",
                    "PLANTADDR": "Joseph Howe Dr",
                    "STRAS": "3601 Joseph Howe Drive",
                    "PSTLZ": "B3L 4H8",
                    "ORT01": "Toronto",
                    "LAND1": "CA",
                    "REGIO": "ON",
                    "MATNUM": "000000000001000056",
                    "DESCRIPTION": "ALBERTA PREMIUM 1750ml",
                    "BASEUOM": "EA",
                    "MINBE": "0.000",
                    "STOCK": "12.000",
                    "WAERS": "EUR",
                    "VKPNE": "44.03",
                    "VKPBR": "49.95"
                },
                {
                    "PLANT": "2115",
                    "PLANTADDR": "Chester",
                    "STRAS": "209 Duke St",
                    "PSTLZ": "B0J 1J0",
                    "ORT01": "Chester",
                    "LAND1": "CA",
                    "REGIO": "ON",
                    "MATNUM": "000000000001000056",
                    "DESCRIPTION": "ALBERTA PREMIUM 1750ml",
                    "BASEUOM": "EA",
                    "MINBE": "0.000",
                    "STOCK": "9.000",
                    "WAERS": "EUR",
                    "VKPNE": "44.03",
                    "VKPBR": "49.95"
                },
                {
                    "PLANT": "2120",
                    "PLANTADDR": "Clyde Shop",
                    "STRAS": "5540 Clyde Shop",
                    "PSTLZ": "B3J 1E3",
                    "ORT01": "Toronto",
                    "LAND1": "CA",
                    "REGIO": "ON",
                    "MATNUM": "000000000001000056",
                    "DESCRIPTION": "ALBERTA PREMIUM 1750ml",
                    "BASEUOM": "EA",
                    "MINBE": "0.000",
                    "STOCK": "6.000",
                    "WAERS": "EUR",
                    "VKPNE": "44.03",
                    "VKPBR": "49.95"
                },
                {
                    "PLANT": "2123",
                    "PLANTADDR": "Queen Shop",
                    "STRAS": "1120 Queen Shop",
                    "PSTLZ": "B3H 2R9",
                    "ORT01": "Toronto",
                    "LAND1": "CA",
                    "REGIO": "ON",
                    "MATNUM": "000000000001000056",
                    "DESCRIPTION": "ALBERTA PREMIUM 1750ml",
                    "BASEUOM": "EA",
                    "MINBE": "0.000",
                    "STOCK": "9.000",
                    "WAERS": "EUR",
                    "VKPNE": "44.03",
                    "VKPBR": "49.95"
                }
            ]
        },
        {
            "MATNUM": "000000000001000057",
            "DESCRIPTION": "GIBSONS FINEST 12 YO 1140ml",
            "PRICE": "42.49",
            "PUNIT": "EUR",
            "NETPRICE": "36.77",
            "PLANTS": [
                {
                    "PLANT": "2104",
                    "PLANTADDR": "Agricola Shop",
                    "STRAS": "2559 Agricola Shop",
                    "PSTLZ": "B3K 4C4",
                    "ORT01": "Toronto",
                    "LAND1": "CA",
                    "REGIO": "ON",
                    "MATNUM": "000000000001000057",
                    "DESCRIPTION": "GIBSONS FINEST 12 YO 1140ml",
                    "BASEUOM": "EA",
                    "MINBE": "0.000",
                    "STOCK": "6.000",
                    "WAERS": "EUR",
                    "VKPNE": "36.77",
                    "VKPBR": "42.49"
                },
                {
                    "PLANT": "2106",
                    "PLANTADDR": "Barrington Shop",
                    "STRAS": "1075 Barrington Shop",
                    "PSTLZ": "B3H 2P8",
                    "ORT01": "Toronto",
                    "LAND1": "CA",
                    "REGIO": "ON",
                    "MATNUM": "000000000001000057",
                    "DESCRIPTION": "GIBSONS FINEST 12 YO 1140ml",
                    "BASEUOM": "EA",
                    "MINBE": "0.000",
                    "STOCK": "9.000",
                    "WAERS": "EUR",
                    "VKPNE": "36.77",
                    "VKPBR": "42.49"
                },
                {
                    "PLANT": "2108",
                    "PLANTADDR": "Bayers Lake Park",
                    "STRAS": "214 Chain Lake Drive",
                    "PSTLZ": "B3S 1C5",
                    "ORT01": "Toronto",
                    "LAND1": "CA",
                    "REGIO": "ON",
                    "MATNUM": "000000000001000057",
                    "DESCRIPTION": "GIBSONS FINEST 12 YO 1140ml",
                    "BASEUOM": "EA",
                    "MINBE": "0.000",
                    "STOCK": "12.000",
                    "WAERS": "EUR",
                    "VKPNE": "36.77",
                    "VKPBR": "42.49"
                },
                {
                    "PLANT": "2110",
                    "PLANTADDR": "Joseph Howe Dr",
                    "STRAS": "3601 Joseph Howe Drive",
                    "PSTLZ": "B3L 4H8",
                    "ORT01": "Toronto",
                    "LAND1": "CA",
                    "REGIO": "ON",
                    "MATNUM": "000000000001000057",
                    "DESCRIPTION": "GIBSONS FINEST 12 YO 1140ml",
                    "BASEUOM": "EA",
                    "MINBE": "0.000",
                    "STOCK": "9.000",
                    "WAERS": "EUR",
                    "VKPNE": "36.77",
                    "VKPBR": "42.49"
                },
                {
                    "PLANT": "2115",
                    "PLANTADDR": "Chester",
                    "STRAS": "209 Duke St",
                    "PSTLZ": "B0J 1J0",
                    "ORT01": "Chester",
                    "LAND1": "CA",
                    "REGIO": "ON",
                    "MATNUM": "000000000001000057",
                    "DESCRIPTION": "GIBSONS FINEST 12 YO 1140ml",
                    "BASEUOM": "EA",
                    "MINBE": "0.000",
                    "STOCK": "9.000",
                    "WAERS": "EUR",
                    "VKPNE": "36.77",
                    "VKPBR": "42.49"
                },
                {
                    "PLANT": "2120",
                    "PLANTADDR": "Clyde Shop",
                    "STRAS": "5540 Clyde Shop",
                    "PSTLZ": "B3J 1E3",
                    "ORT01": "Toronto",
                    "LAND1": "CA",
                    "REGIO": "ON",
                    "MATNUM": "000000000001000057",
                    "DESCRIPTION": "GIBSONS FINEST 12 YO 1140ml",
                    "BASEUOM": "EA",
                    "MINBE": "0.000",
                    "STOCK": "6.000",
                    "WAERS": "EUR",
                    "VKPNE": "36.77",
                    "VKPBR": "42.49"
                },
                {
                    "PLANT": "2123",
                    "PLANTADDR": "Queen Shop",
                    "STRAS": "1120 Queen Shop",
                    "PSTLZ": "B3H 2R9",
                    "ORT01": "Toronto",
                    "LAND1": "CA",
                    "REGIO": "ON",
                    "MATNUM": "000000000001000057",
                    "DESCRIPTION": "GIBSONS FINEST 12 YO 1140ml",
                    "BASEUOM": "EA",
                    "MINBE": "0.000",
                    "STOCK": "6.000",
                    "WAERS": "EUR",
                    "VKPNE": "36.77",
                    "VKPBR": "42.49"
                }
            ]
        },
        {
            "MATNUM": "000000000001000059",
            "DESCRIPTION": "ROYAL RESERVE 375ml",
            "PRICE": "14.03",
            "PUNIT": "EUR",
            "NETPRICE": "12.11",
            "PLANTS": [
                {
                    "PLANT": "2104",
                    "PLANTADDR": "Agricola Shop",
                    "STRAS": "2559 Agricola Shop",
                    "PSTLZ": "B3K 4C4",
                    "ORT01": "Toronto",
                    "LAND1": "CA",
                    "REGIO": "ON",
                    "MATNUM": "000000000001000059",
                    "DESCRIPTION": "ROYAL RESERVE 375ml",
                    "BASEUOM": "EA",
                    "MINBE": "0.000",
                    "STOCK": "21.000",
                    "WAERS": "EUR",
                    "VKPNE": "12.11",
                    "VKPBR": "14.03"
                },
                {
                    "PLANT": "2106",
                    "PLANTADDR": "Barrington Shop",
                    "STRAS": "1075 Barrington Shop",
                    "PSTLZ": "B3H 2P8",
                    "ORT01": "Toronto",
                    "LAND1": "CA",
                    "REGIO": "ON",
                    "MATNUM": "000000000001000059",
                    "DESCRIPTION": "ROYAL RESERVE 375ml",
                    "BASEUOM": "EA",
                    "MINBE": "0.000",
                    "STOCK": "21.000",
                    "WAERS": "EUR",
                    "VKPNE": "12.11",
                    "VKPBR": "14.03"
                },
                {
                    "PLANT": "2108",
                    "PLANTADDR": "Bayers Lake Park",
                    "STRAS": "214 Chain Lake Drive",
                    "PSTLZ": "B3S 1C5",
                    "ORT01": "Toronto",
                    "LAND1": "CA",
                    "REGIO": "ON",
                    "MATNUM": "000000000001000059",
                    "DESCRIPTION": "ROYAL RESERVE 375ml",
                    "BASEUOM": "EA",
                    "MINBE": "0.000",
                    "STOCK": "15.000",
                    "WAERS": "EUR",
                    "VKPNE": "12.11",
                    "VKPBR": "14.03"
                },
                {
                    "PLANT": "2110",
                    "PLANTADDR": "Joseph Howe Dr",
                    "STRAS": "3601 Joseph Howe Drive",
                    "PSTLZ": "B3L 4H8",
                    "ORT01": "Toronto",
                    "LAND1": "CA",
                    "REGIO": "ON",
                    "MATNUM": "000000000001000059",
                    "DESCRIPTION": "ROYAL RESERVE 375ml",
                    "BASEUOM": "EA",
                    "MINBE": "0.000",
                    "STOCK": "21.000",
                    "WAERS": "EUR",
                    "VKPNE": "12.11",
                    "VKPBR": "14.03"
                },
                {
                    "PLANT": "2115",
                    "PLANTADDR": "Chester",
                    "STRAS": "209 Duke St",
                    "PSTLZ": "B0J 1J0",
                    "ORT01": "Chester",
                    "LAND1": "CA",
                    "REGIO": "ON",
                    "MATNUM": "000000000001000059",
                    "DESCRIPTION": "ROYAL RESERVE 375ml",
                    "BASEUOM": "EA",
                    "MINBE": "0.000",
                    "STOCK": "15.000",
                    "WAERS": "EUR",
                    "VKPNE": "12.11",
                    "VKPBR": "14.03"
                },
                {
                    "PLANT": "2120",
                    "PLANTADDR": "Clyde Shop",
                    "STRAS": "5540 Clyde Shop",
                    "PSTLZ": "B3J 1E3",
                    "ORT01": "Toronto",
                    "LAND1": "CA",
                    "REGIO": "ON",
                    "MATNUM": "000000000001000059",
                    "DESCRIPTION": "ROYAL RESERVE 375ml",
                    "BASEUOM": "EA",
                    "MINBE": "0.000",
                    "STOCK": "15.000",
                    "WAERS": "EUR",
                    "VKPNE": "12.11",
                    "VKPBR": "14.03"
                },
                {
                    "PLANT": "2123",
                    "PLANTADDR": "Queen Shop",
                    "STRAS": "1120 Queen Shop",
                    "PSTLZ": "B3H 2R9",
                    "ORT01": "Toronto",
                    "LAND1": "CA",
                    "REGIO": "ON",
                    "MATNUM": "000000000001000059",
                    "DESCRIPTION": "ROYAL RESERVE 375ml",
                    "BASEUOM": "EA",
                    "MINBE": "0.000",
                    "STOCK": "18.000",
                    "WAERS": "EUR",
                    "VKPNE": "12.11",
                    "VKPBR": "14.03"
                }
            ]
        }
    ],
    "MATERIALINFOTBL": [
        {
            "PLANT": "2104",
            "PLANTADDR": "Agricola Shop",
            "STRAS": "2559 Agricola Shop",
            "PSTLZ": "B3K 4C4",
            "ORT01": "Toronto",
            "LAND1": "CA",
            "REGIO": "ON",
            "MATNUM": "000000000001000051",
            "DESCRIPTION": "CAPTAIN MORGAN WHITE 375ml",
            "BASEUOM": "EA",
            "MINBE": "0.000",
            "STOCK": "24.000",
            "WAERS": "EUR",
            "VKPNE": "12.18",
            "VKPBR": "13.99"
        },
        {
            "PLANT": "2104",
            "PLANTADDR": "Agricola Shop",
            "STRAS": "2559 Agricola Shop",
            "PSTLZ": "B3K 4C4",
            "ORT01": "Toronto",
            "LAND1": "CA",
            "REGIO": "ON",
            "MATNUM": "000000000001000052",
            "DESCRIPTION": "MALIBU CARIBBEAN WHITE 375ml",
            "BASEUOM": "EA",
            "MINBE": "0.000",
            "STOCK": "9.000",
            "WAERS": "EUR",
            "VKPNE": "12.54",
            "VKPBR": "14.40"
        },
        {
            "PLANT": "2104",
            "PLANTADDR": "Agricola Shop",
            "STRAS": "2559 Agricola Shop",
            "PSTLZ": "B3K 4C4",
            "ORT01": "Toronto",
            "LAND1": "CA",
            "REGIO": "ON",
            "MATNUM": "000000000001000054",
            "DESCRIPTION": "CAPTAIN MORGANS PARROT BAY 750ml",
            "BASEUOM": "EA",
            "MINBE": "0.000",
            "STOCK": "9.000",
            "WAERS": "EUR",
            "VKPNE": "21.99",
            "VKPBR": "25.49"
        },
        {
            "PLANT": "2104",
            "PLANTADDR": "Agricola Shop",
            "STRAS": "2559 Agricola Shop",
            "PSTLZ": "B3K 4C4",
            "ORT01": "Toronto",
            "LAND1": "CA",
            "REGIO": "ON",
            "MATNUM": "000000000001000055",
            "DESCRIPTION": "ALBERTA PREMIUM 750ml",
            "BASEUOM": "EA",
            "MINBE": "0.000",
            "STOCK": "12.000",
            "WAERS": "EUR",
            "VKPNE": "24.16",
            "VKPBR": "27.98"
        },
        {
            "PLANT": "2104",
            "PLANTADDR": "Agricola Shop",
            "STRAS": "2559 Agricola Shop",
            "PSTLZ": "B3K 4C4",
            "ORT01": "Toronto",
            "LAND1": "CA",
            "REGIO": "ON",
            "MATNUM": "000000000001000056",
            "DESCRIPTION": "ALBERTA PREMIUM 1750ml",
            "BASEUOM": "EA",
            "MINBE": "0.000",
            "STOCK": "6.000",
            "WAERS": "EUR",
            "VKPNE": "44.03",
            "VKPBR": "49.95"
        },
        {
            "PLANT": "2104",
            "PLANTADDR": "Agricola Shop",
            "STRAS": "2559 Agricola Shop",
            "PSTLZ": "B3K 4C4",
            "ORT01": "Toronto",
            "LAND1": "CA",
            "REGIO": "ON",
            "MATNUM": "000000000001000057",
            "DESCRIPTION": "GIBSONS FINEST 12 YO 1140ml",
            "BASEUOM": "EA",
            "MINBE": "0.000",
            "STOCK": "6.000",
            "WAERS": "EUR",
            "VKPNE": "36.77",
            "VKPBR": "42.49"
        },
        {
            "PLANT": "2104",
            "PLANTADDR": "Agricola Shop",
            "STRAS": "2559 Agricola Shop",
            "PSTLZ": "B3K 4C4",
            "ORT01": "Toronto",
            "LAND1": "CA",
            "REGIO": "ON",
            "MATNUM": "000000000001000059",
            "DESCRIPTION": "ROYAL RESERVE 375ml",
            "BASEUOM": "EA",
            "MINBE": "0.000",
            "STOCK": "21.000",
            "WAERS": "EUR",
            "VKPNE": "12.11",
            "VKPBR": "14.03"
        },
        {
            "PLANT": "2106",
            "PLANTADDR": "Barrington Shop",
            "STRAS": "1075 Barrington Shop",
            "PSTLZ": "B3H 2P8",
            "ORT01": "Toronto",
            "LAND1": "CA",
            "REGIO": "ON",
            "MATNUM": "000000000001000051",
            "DESCRIPTION": "CAPTAIN MORGAN WHITE 375ml",
            "BASEUOM": "EA",
            "MINBE": "0.000",
            "STOCK": "39.000",
            "WAERS": "EUR",
            "VKPNE": "12.18",
            "VKPBR": "13.99"
        },
        {
            "PLANT": "2106",
            "PLANTADDR": "Barrington Shop",
            "STRAS": "1075 Barrington Shop",
            "PSTLZ": "B3H 2P8",
            "ORT01": "Toronto",
            "LAND1": "CA",
            "REGIO": "ON",
            "MATNUM": "000000000001000052",
            "DESCRIPTION": "MALIBU CARIBBEAN WHITE 375ml",
            "BASEUOM": "EA",
            "MINBE": "0.000",
            "STOCK": "9.000",
            "WAERS": "EUR",
            "VKPNE": "12.54",
            "VKPBR": "14.40"
        },
        {
            "PLANT": "2106",
            "PLANTADDR": "Barrington Shop",
            "STRAS": "1075 Barrington Shop",
            "PSTLZ": "B3H 2P8",
            "ORT01": "Toronto",
            "LAND1": "CA",
            "REGIO": "ON",
            "MATNUM": "000000000001000054",
            "DESCRIPTION": "CAPTAIN MORGANS PARROT BAY 750ml",
            "BASEUOM": "EA",
            "MINBE": "0.000",
            "STOCK": "6.000",
            "WAERS": "EUR",
            "VKPNE": "21.99",
            "VKPBR": "25.49"
        },
        {
            "PLANT": "2106",
            "PLANTADDR": "Barrington Shop",
            "STRAS": "1075 Barrington Shop",
            "PSTLZ": "B3H 2P8",
            "ORT01": "Toronto",
            "LAND1": "CA",
            "REGIO": "ON",
            "MATNUM": "000000000001000055",
            "DESCRIPTION": "ALBERTA PREMIUM 750ml",
            "BASEUOM": "EA",
            "MINBE": "0.000",
            "STOCK": "12.000",
            "WAERS": "EUR",
            "VKPNE": "24.16",
            "VKPBR": "27.98"
        },
        {
            "PLANT": "2106",
            "PLANTADDR": "Barrington Shop",
            "STRAS": "1075 Barrington Shop",
            "PSTLZ": "B3H 2P8",
            "ORT01": "Toronto",
            "LAND1": "CA",
            "REGIO": "ON",
            "MATNUM": "000000000001000056",
            "DESCRIPTION": "ALBERTA PREMIUM 1750ml",
            "BASEUOM": "EA",
            "MINBE": "0.000",
            "STOCK": "6.000",
            "WAERS": "EUR",
            "VKPNE": "44.03",
            "VKPBR": "49.95"
        },
        {
            "PLANT": "2106",
            "PLANTADDR": "Barrington Shop",
            "STRAS": "1075 Barrington Shop",
            "PSTLZ": "B3H 2P8",
            "ORT01": "Toronto",
            "LAND1": "CA",
            "REGIO": "ON",
            "MATNUM": "000000000001000057",
            "DESCRIPTION": "GIBSONS FINEST 12 YO 1140ml",
            "BASEUOM": "EA",
            "MINBE": "0.000",
            "STOCK": "9.000",
            "WAERS": "EUR",
            "VKPNE": "36.77",
            "VKPBR": "42.49"
        },
        {
            "PLANT": "2106",
            "PLANTADDR": "Barrington Shop",
            "STRAS": "1075 Barrington Shop",
            "PSTLZ": "B3H 2P8",
            "ORT01": "Toronto",
            "LAND1": "CA",
            "REGIO": "ON",
            "MATNUM": "000000000001000059",
            "DESCRIPTION": "ROYAL RESERVE 375ml",
            "BASEUOM": "EA",
            "MINBE": "0.000",
            "STOCK": "21.000",
            "WAERS": "EUR",
            "VKPNE": "12.11",
            "VKPBR": "14.03"
        },
        {
            "PLANT": "2108",
            "PLANTADDR": "Bayers Lake Park",
            "STRAS": "214 Chain Lake Drive",
            "PSTLZ": "B3S 1C5",
            "ORT01": "Toronto",
            "LAND1": "CA",
            "REGIO": "ON",
            "MATNUM": "000000000001000051",
            "DESCRIPTION": "CAPTAIN MORGAN WHITE 375ml",
            "BASEUOM": "EA",
            "MINBE": "0.000",
            "STOCK": "78.000",
            "WAERS": "EUR",
            "VKPNE": "12.18",
            "VKPBR": "13.99"
        },
        {
            "PLANT": "2108",
            "PLANTADDR": "Bayers Lake Park",
            "STRAS": "214 Chain Lake Drive",
            "PSTLZ": "B3S 1C5",
            "ORT01": "Toronto",
            "LAND1": "CA",
            "REGIO": "ON",
            "MATNUM": "000000000001000052",
            "DESCRIPTION": "MALIBU CARIBBEAN WHITE 375ml",
            "BASEUOM": "EA",
            "MINBE": "0.000",
            "STOCK": "18.000",
            "WAERS": "EUR",
            "VKPNE": "12.54",
            "VKPBR": "14.40"
        },
        {
            "PLANT": "2108",
            "PLANTADDR": "Bayers Lake Park",
            "STRAS": "214 Chain Lake Drive",
            "PSTLZ": "B3S 1C5",
            "ORT01": "Toronto",
            "LAND1": "CA",
            "REGIO": "ON",
            "MATNUM": "000000000001000054",
            "DESCRIPTION": "CAPTAIN MORGANS PARROT BAY 750ml",
            "BASEUOM": "EA",
            "MINBE": "0.000",
            "STOCK": "15.000",
            "WAERS": "EUR",
            "VKPNE": "21.99",
            "VKPBR": "25.49"
        },
        {
            "PLANT": "2108",
            "PLANTADDR": "Bayers Lake Park",
            "STRAS": "214 Chain Lake Drive",
            "PSTLZ": "B3S 1C5",
            "ORT01": "Toronto",
            "LAND1": "CA",
            "REGIO": "ON",
            "MATNUM": "000000000001000055",
            "DESCRIPTION": "ALBERTA PREMIUM 750ml",
            "BASEUOM": "EA",
            "MINBE": "0.000",
            "STOCK": "12.000",
            "WAERS": "EUR",
            "VKPNE": "24.16",
            "VKPBR": "27.98"
        },
        {
            "PLANT": "2108",
            "PLANTADDR": "Bayers Lake Park",
            "STRAS": "214 Chain Lake Drive",
            "PSTLZ": "B3S 1C5",
            "ORT01": "Toronto",
            "LAND1": "CA",
            "REGIO": "ON",
            "MATNUM": "000000000001000056",
            "DESCRIPTION": "ALBERTA PREMIUM 1750ml",
            "BASEUOM": "EA",
            "MINBE": "0.000",
            "STOCK": "12.000",
            "WAERS": "EUR",
            "VKPNE": "44.03",
            "VKPBR": "49.95"
        },
        {
            "PLANT": "2108",
            "PLANTADDR": "Bayers Lake Park",
            "STRAS": "214 Chain Lake Drive",
            "PSTLZ": "B3S 1C5",
            "ORT01": "Toronto",
            "LAND1": "CA",
            "REGIO": "ON",
            "MATNUM": "000000000001000057",
            "DESCRIPTION": "GIBSONS FINEST 12 YO 1140ml",
            "BASEUOM": "EA",
            "MINBE": "0.000",
            "STOCK": "12.000",
            "WAERS": "EUR",
            "VKPNE": "36.77",
            "VKPBR": "42.49"
        },
        {
            "PLANT": "2108",
            "PLANTADDR": "Bayers Lake Park",
            "STRAS": "214 Chain Lake Drive",
            "PSTLZ": "B3S 1C5",
            "ORT01": "Toronto",
            "LAND1": "CA",
            "REGIO": "ON",
            "MATNUM": "000000000001000059",
            "DESCRIPTION": "ROYAL RESERVE 375ml",
            "BASEUOM": "EA",
            "MINBE": "0.000",
            "STOCK": "15.000",
            "WAERS": "EUR",
            "VKPNE": "12.11",
            "VKPBR": "14.03"
        },
        {
            "PLANT": "2110",
            "PLANTADDR": "Joseph Howe Dr",
            "STRAS": "3601 Joseph Howe Drive",
            "PSTLZ": "B3L 4H8",
            "ORT01": "Toronto",
            "LAND1": "CA",
            "REGIO": "ON",
            "MATNUM": "000000000001000051",
            "DESCRIPTION": "CAPTAIN MORGAN WHITE 375ml",
            "BASEUOM": "EA",
            "MINBE": "0.000",
            "STOCK": "39.000",
            "WAERS": "EUR",
            "VKPNE": "12.18",
            "VKPBR": "13.99"
        },
        {
            "PLANT": "2110",
            "PLANTADDR": "Joseph Howe Dr",
            "STRAS": "3601 Joseph Howe Drive",
            "PSTLZ": "B3L 4H8",
            "ORT01": "Toronto",
            "LAND1": "CA",
            "REGIO": "ON",
            "MATNUM": "000000000001000052",
            "DESCRIPTION": "MALIBU CARIBBEAN WHITE 375ml",
            "BASEUOM": "EA",
            "MINBE": "0.000",
            "STOCK": "12.000",
            "WAERS": "EUR",
            "VKPNE": "12.54",
            "VKPBR": "14.40"
        },
        {
            "PLANT": "2110",
            "PLANTADDR": "Joseph Howe Dr",
            "STRAS": "3601 Joseph Howe Drive",
            "PSTLZ": "B3L 4H8",
            "ORT01": "Toronto",
            "LAND1": "CA",
            "REGIO": "ON",
            "MATNUM": "000000000001000054",
            "DESCRIPTION": "CAPTAIN MORGANS PARROT BAY 750ml",
            "BASEUOM": "EA",
            "MINBE": "0.000",
            "STOCK": "12.000",
            "WAERS": "EUR",
            "VKPNE": "21.99",
            "VKPBR": "25.49"
        },
        {
            "PLANT": "2110",
            "PLANTADDR": "Joseph Howe Dr",
            "STRAS": "3601 Joseph Howe Drive",
            "PSTLZ": "B3L 4H8",
            "ORT01": "Toronto",
            "LAND1": "CA",
            "REGIO": "ON",
            "MATNUM": "000000000001000055",
            "DESCRIPTION": "ALBERTA PREMIUM 750ml",
            "BASEUOM": "EA",
            "MINBE": "0.000",
            "STOCK": "12.000",
            "WAERS": "EUR",
            "VKPNE": "24.16",
            "VKPBR": "27.98"
        },
        {
            "PLANT": "2110",
            "PLANTADDR": "Joseph Howe Dr",
            "STRAS": "3601 Joseph Howe Drive",
            "PSTLZ": "B3L 4H8",
            "ORT01": "Toronto",
            "LAND1": "CA",
            "REGIO": "ON",
            "MATNUM": "000000000001000056",
            "DESCRIPTION": "ALBERTA PREMIUM 1750ml",
            "BASEUOM": "EA",
            "MINBE": "0.000",
            "STOCK": "12.000",
            "WAERS": "EUR",
            "VKPNE": "44.03",
            "VKPBR": "49.95"
        },
        {
            "PLANT": "2110",
            "PLANTADDR": "Joseph Howe Dr",
            "STRAS": "3601 Joseph Howe Drive",
            "PSTLZ": "B3L 4H8",
            "ORT01": "Toronto",
            "LAND1": "CA",
            "REGIO": "ON",
            "MATNUM": "000000000001000057",
            "DESCRIPTION": "GIBSONS FINEST 12 YO 1140ml",
            "BASEUOM": "EA",
            "MINBE": "0.000",
            "STOCK": "9.000",
            "WAERS": "EUR",
            "VKPNE": "36.77",
            "VKPBR": "42.49"
        },
        {
            "PLANT": "2110",
            "PLANTADDR": "Joseph Howe Dr",
            "STRAS": "3601 Joseph Howe Drive",
            "PSTLZ": "B3L 4H8",
            "ORT01": "Toronto",
            "LAND1": "CA",
            "REGIO": "ON",
            "MATNUM": "000000000001000059",
            "DESCRIPTION": "ROYAL RESERVE 375ml",
            "BASEUOM": "EA",
            "MINBE": "0.000",
            "STOCK": "21.000",
            "WAERS": "EUR",
            "VKPNE": "12.11",
            "VKPBR": "14.03"
        },
        {
            "PLANT": "2115",
            "PLANTADDR": "Chester",
            "STRAS": "209 Duke St",
            "PSTLZ": "B0J 1J0",
            "ORT01": "Chester",
            "LAND1": "CA",
            "REGIO": "ON",
            "MATNUM": "000000000001000051",
            "DESCRIPTION": "CAPTAIN MORGAN WHITE 375ml",
            "BASEUOM": "EA",
            "MINBE": "0.000",
            "STOCK": "27.000",
            "WAERS": "EUR",
            "VKPNE": "12.18",
            "VKPBR": "13.99"
        },
        {
            "PLANT": "2115",
            "PLANTADDR": "Chester",
            "STRAS": "209 Duke St",
            "PSTLZ": "B0J 1J0",
            "ORT01": "Chester",
            "LAND1": "CA",
            "REGIO": "ON",
            "MATNUM": "000000000001000052",
            "DESCRIPTION": "MALIBU CARIBBEAN WHITE 375ml",
            "BASEUOM": "EA",
            "MINBE": "0.000",
            "STOCK": "12.000",
            "WAERS": "EUR",
            "VKPNE": "12.54",
            "VKPBR": "14.40"
        },
        {
            "PLANT": "2115",
            "PLANTADDR": "Chester",
            "STRAS": "209 Duke St",
            "PSTLZ": "B0J 1J0",
            "ORT01": "Chester",
            "LAND1": "CA",
            "REGIO": "ON",
            "MATNUM": "000000000001000054",
            "DESCRIPTION": "CAPTAIN MORGANS PARROT BAY 750ml",
            "BASEUOM": "EA",
            "MINBE": "0.000",
            "STOCK": "12.000",
            "WAERS": "EUR",
            "VKPNE": "21.99",
            "VKPBR": "25.49"
        },
        {
            "PLANT": "2115",
            "PLANTADDR": "Chester",
            "STRAS": "209 Duke St",
            "PSTLZ": "B0J 1J0",
            "ORT01": "Chester",
            "LAND1": "CA",
            "REGIO": "ON",
            "MATNUM": "000000000001000055",
            "DESCRIPTION": "ALBERTA PREMIUM 750ml",
            "BASEUOM": "EA",
            "MINBE": "0.000",
            "STOCK": "15.000",
            "WAERS": "EUR",
            "VKPNE": "24.16",
            "VKPBR": "27.98"
        },
        {
            "PLANT": "2115",
            "PLANTADDR": "Chester",
            "STRAS": "209 Duke St",
            "PSTLZ": "B0J 1J0",
            "ORT01": "Chester",
            "LAND1": "CA",
            "REGIO": "ON",
            "MATNUM": "000000000001000056",
            "DESCRIPTION": "ALBERTA PREMIUM 1750ml",
            "BASEUOM": "EA",
            "MINBE": "0.000",
            "STOCK": "9.000",
            "WAERS": "EUR",
            "VKPNE": "44.03",
            "VKPBR": "49.95"
        },
        {
            "PLANT": "2115",
            "PLANTADDR": "Chester",
            "STRAS": "209 Duke St",
            "PSTLZ": "B0J 1J0",
            "ORT01": "Chester",
            "LAND1": "CA",
            "REGIO": "ON",
            "MATNUM": "000000000001000057",
            "DESCRIPTION": "GIBSONS FINEST 12 YO 1140ml",
            "BASEUOM": "EA",
            "MINBE": "0.000",
            "STOCK": "9.000",
            "WAERS": "EUR",
            "VKPNE": "36.77",
            "VKPBR": "42.49"
        },
        {
            "PLANT": "2115",
            "PLANTADDR": "Chester",
            "STRAS": "209 Duke St",
            "PSTLZ": "B0J 1J0",
            "ORT01": "Chester",
            "LAND1": "CA",
            "REGIO": "ON",
            "MATNUM": "000000000001000059",
            "DESCRIPTION": "ROYAL RESERVE 375ml",
            "BASEUOM": "EA",
            "MINBE": "0.000",
            "STOCK": "15.000",
            "WAERS": "EUR",
            "VKPNE": "12.11",
            "VKPBR": "14.03"
        },
        {
            "PLANT": "2120",
            "PLANTADDR": "Clyde Shop",
            "STRAS": "5540 Clyde Shop",
            "PSTLZ": "B3J 1E3",
            "ORT01": "Toronto",
            "LAND1": "CA",
            "REGIO": "ON",
            "MATNUM": "000000000001000051",
            "DESCRIPTION": "CAPTAIN MORGAN WHITE 375ml",
            "BASEUOM": "EA",
            "MINBE": "0.000",
            "STOCK": "24.000",
            "WAERS": "EUR",
            "VKPNE": "12.18",
            "VKPBR": "13.99"
        },
        {
            "PLANT": "2120",
            "PLANTADDR": "Clyde Shop",
            "STRAS": "5540 Clyde Shop",
            "PSTLZ": "B3J 1E3",
            "ORT01": "Toronto",
            "LAND1": "CA",
            "REGIO": "ON",
            "MATNUM": "000000000001000052",
            "DESCRIPTION": "MALIBU CARIBBEAN WHITE 375ml",
            "BASEUOM": "EA",
            "MINBE": "0.000",
            "STOCK": "12.000",
            "WAERS": "EUR",
            "VKPNE": "12.54",
            "VKPBR": "14.40"
        },
        {
            "PLANT": "2120",
            "PLANTADDR": "Clyde Shop",
            "STRAS": "5540 Clyde Shop",
            "PSTLZ": "B3J 1E3",
            "ORT01": "Toronto",
            "LAND1": "CA",
            "REGIO": "ON",
            "MATNUM": "000000000001000054",
            "DESCRIPTION": "CAPTAIN MORGANS PARROT BAY 750ml",
            "BASEUOM": "EA",
            "MINBE": "0.000",
            "STOCK": "12.000",
            "WAERS": "EUR",
            "VKPNE": "21.99",
            "VKPBR": "25.49"
        },
        {
            "PLANT": "2120",
            "PLANTADDR": "Clyde Shop",
            "STRAS": "5540 Clyde Shop",
            "PSTLZ": "B3J 1E3",
            "ORT01": "Toronto",
            "LAND1": "CA",
            "REGIO": "ON",
            "MATNUM": "000000000001000055",
            "DESCRIPTION": "ALBERTA PREMIUM 750ml",
            "BASEUOM": "EA",
            "MINBE": "0.000",
            "STOCK": "9.000",
            "WAERS": "EUR",
            "VKPNE": "24.16",
            "VKPBR": "27.98"
        },
        {
            "PLANT": "2120",
            "PLANTADDR": "Clyde Shop",
            "STRAS": "5540 Clyde Shop",
            "PSTLZ": "B3J 1E3",
            "ORT01": "Toronto",
            "LAND1": "CA",
            "REGIO": "ON",
            "MATNUM": "000000000001000056",
            "DESCRIPTION": "ALBERTA PREMIUM 1750ml",
            "BASEUOM": "EA",
            "MINBE": "0.000",
            "STOCK": "6.000",
            "WAERS": "EUR",
            "VKPNE": "44.03",
            "VKPBR": "49.95"
        },
        {
            "PLANT": "2120",
            "PLANTADDR": "Clyde Shop",
            "STRAS": "5540 Clyde Shop",
            "PSTLZ": "B3J 1E3",
            "ORT01": "Toronto",
            "LAND1": "CA",
            "REGIO": "ON",
            "MATNUM": "000000000001000057",
            "DESCRIPTION": "GIBSONS FINEST 12 YO 1140ml",
            "BASEUOM": "EA",
            "MINBE": "0.000",
            "STOCK": "6.000",
            "WAERS": "EUR",
            "VKPNE": "36.77",
            "VKPBR": "42.49"
        },
        {
            "PLANT": "2120",
            "PLANTADDR": "Clyde Shop",
            "STRAS": "5540 Clyde Shop",
            "PSTLZ": "B3J 1E3",
            "ORT01": "Toronto",
            "LAND1": "CA",
            "REGIO": "ON",
            "MATNUM": "000000000001000059",
            "DESCRIPTION": "ROYAL RESERVE 375ml",
            "BASEUOM": "EA",
            "MINBE": "0.000",
            "STOCK": "15.000",
            "WAERS": "EUR",
            "VKPNE": "12.11",
            "VKPBR": "14.03"
        },
        {
            "PLANT": "2123",
            "PLANTADDR": "Queen Shop",
            "STRAS": "1120 Queen Shop",
            "PSTLZ": "B3H 2R9",
            "ORT01": "Toronto",
            "LAND1": "CA",
            "REGIO": "ON",
            "MATNUM": "000000000001000051",
            "DESCRIPTION": "CAPTAIN MORGAN WHITE 375ml",
            "BASEUOM": "EA",
            "MINBE": "0.000",
            "STOCK": "27.000",
            "WAERS": "EUR",
            "VKPNE": "12.18",
            "VKPBR": "13.99"
        },
        {
            "PLANT": "2123",
            "PLANTADDR": "Queen Shop",
            "STRAS": "1120 Queen Shop",
            "PSTLZ": "B3H 2R9",
            "ORT01": "Toronto",
            "LAND1": "CA",
            "REGIO": "ON",
            "MATNUM": "000000000001000054",
            "DESCRIPTION": "CAPTAIN MORGANS PARROT BAY 750ml",
            "BASEUOM": "EA",
            "MINBE": "0.000",
            "STOCK": "9.000",
            "WAERS": "EUR",
            "VKPNE": "21.99",
            "VKPBR": "25.49"
        },
        {
            "PLANT": "2123",
            "PLANTADDR": "Queen Shop",
            "STRAS": "1120 Queen Shop",
            "PSTLZ": "B3H 2R9",
            "ORT01": "Toronto",
            "LAND1": "CA",
            "REGIO": "ON",
            "MATNUM": "000000000001000055",
            "DESCRIPTION": "ALBERTA PREMIUM 750ml",
            "BASEUOM": "EA",
            "MINBE": "0.000",
            "STOCK": "9.000",
            "WAERS": "EUR",
            "VKPNE": "24.16",
            "VKPBR": "27.98"
        },
        {
            "PLANT": "2123",
            "PLANTADDR": "Queen Shop",
            "STRAS": "1120 Queen Shop",
            "PSTLZ": "B3H 2R9",
            "ORT01": "Toronto",
            "LAND1": "CA",
            "REGIO": "ON",
            "MATNUM": "000000000001000056",
            "DESCRIPTION": "ALBERTA PREMIUM 1750ml",
            "BASEUOM": "EA",
            "MINBE": "0.000",
            "STOCK": "9.000",
            "WAERS": "EUR",
            "VKPNE": "44.03",
            "VKPBR": "49.95"
        },
        {
            "PLANT": "2123",
            "PLANTADDR": "Queen Shop",
            "STRAS": "1120 Queen Shop",
            "PSTLZ": "B3H 2R9",
            "ORT01": "Toronto",
            "LAND1": "CA",
            "REGIO": "ON",
            "MATNUM": "000000000001000057",
            "DESCRIPTION": "GIBSONS FINEST 12 YO 1140ml",
            "BASEUOM": "EA",
            "MINBE": "0.000",
            "STOCK": "6.000",
            "WAERS": "EUR",
            "VKPNE": "36.77",
            "VKPBR": "42.49"
        },
        {
            "PLANT": "2123",
            "PLANTADDR": "Queen Shop",
            "STRAS": "1120 Queen Shop",
            "PSTLZ": "B3H 2R9",
            "ORT01": "Toronto",
            "LAND1": "CA",
            "REGIO": "ON",
            "MATNUM": "000000000001000059",
            "DESCRIPTION": "ROYAL RESERVE 375ml",
            "BASEUOM": "EA",
            "MINBE": "0.000",
            "STOCK": "18.000",
            "WAERS": "EUR",
            "VKPNE": "12.11",
            "VKPBR": "14.03"
        },
        {
            "PLANT": "2125",
            "PLANTADDR": "Hubbards",
            "STRAS": "100 Highway #3",
            "PSTLZ": "B0J 1T0",
            "ORT01": "Hubbards",
            "LAND1": "CA",
            "REGIO": "ON",
            "MATNUM": "000000000001000051",
            "DESCRIPTION": "CAPTAIN MORGAN WHITE 375ml",
            "BASEUOM": "EA",
            "MINBE": "0.000",
            "STOCK": "18.000",
            "WAERS": "EUR",
            "VKPNE": "12.18",
            "VKPBR": "13.99"
        },
        {
            "PLANT": "2125",
            "PLANTADDR": "Hubbards",
            "STRAS": "100 Highway #3",
            "PSTLZ": "B0J 1T0",
            "ORT01": "Hubbards",
            "LAND1": "CA",
            "REGIO": "ON",
            "MATNUM": "000000000001000052",
            "DESCRIPTION": "MALIBU CARIBBEAN WHITE 375ml",
            "BASEUOM": "EA",
            "MINBE": "0.000",
            "STOCK": "9.000",
            "WAERS": "EUR",
            "VKPNE": "12.54",
            "VKPBR": "14.40"
        }
    ],
    "MATERIALTBL": [
        {
            "MATERIAL": "000000000001000051"
        },
        {
            "MATERIAL": "000000000001000052"
        },
        {
            "MATERIAL": "000000000001000054"
        },
        {
            "MATERIAL": "000000000001000055"
        },
        {
            "MATERIAL": "000000000001000056"
        },
        {
            "MATERIAL": "000000000001000057"
        },
        {
            "MATERIAL": "000000000001000059"
        }
    ],
    "PLANTTBL": [],
    "PRGRPTBL": [],
    "RETURNTBL": [
        {
            "TYPE": "S",
            "ID": "ZPORT",
            "NUMBER": "004",
            "MESSAGE": "I:ZPORT:004 1 50 620",
            "LOG_NO": "200409201730",
            "LOG_MSG_NO": "000000",
            "MESSAGE_V1": "1",
            "MESSAGE_V2": "50",
            "MESSAGE_V3": "620",
            "MESSAGE_V4": "",
            "PARAMETER": "",
            "ROW": 0,
            "FIELD": "",
            "SYSTEM": "LCSCLNT900"
        }
    ]
}